{"products":[{"id":"0.654725075177496","qty":2}],"totalPrice":39.97999999999999}